{
  "gizmos-infos": {
    "is2D": false,
    "is3DIcon": false,
    "iconSize": 2,
    "gridVisible": true,
    "gridColor": [
      150,
      150,
      150,
      255
    ],
    "isIconGizmo3D": false,
    "iconGizmoSize": 2,
    "isGridVisible": true
  },
  "camera": {
    "fov": 45,
    "far": 10000,
    "near": 0.01,
    "color": [
      48,
      48,
      48,
      255
    ],
    "wheelSpeed": 0.01,
    "wanderSpeed": 10,
    "enableAcceleration": true,
    "far2D": 10000,
    "near2D": 1,
    "wheelSpeed2D": 6
  },
  "camera-infos": {
    "f46876e4-e81b-4931-b493-6d367be385e7": {
      "position": {
        "x": 50,
        "y": 50,
        "z": 50
      },
      "rotation": {
        "x": -0.27984814233312133,
        "y": 0.3647051996310009,
        "z": 0.11591689595929514,
        "w": 0.8804762392171493
      },
      "viewCenter": {
        "x": 0,
        "y": 0,
        "z": 0
      }
    },
    "edab67f1-465d-4156-b9dd-1371ccd1f42b": {
      "position": {
        "x": 20.841522980063093,
        "y": 7.213897836340032,
        "z": 24.240876825852027
      },
      "rotation": {
        "x": -0.19807004617325674,
        "y": 0.14943276910393707,
        "z": 0.03056878394823266,
        "w": 0.9682477233467621
      },
      "viewCenter": {
        "x": 3.800291213297779,
        "y": -16.92192805807633,
        "z": -29.653331308900412
      }
    },
    "6be34924-65b3-459e-a937-4f3e61a1aef9": {
      "position": {
        "x": -2.222111853715049,
        "y": 0.42156179328272003,
        "z": 0.3233584131726772
      },
      "rotation": {
        "x": -0.03462064185230924,
        "y": -0.5637444904120932,
        "z": -0.02366053207126056,
        "w": 0.8248840751889357
      },
      "viewCenter": {
        "x": 3.2492285459892254,
        "y": -0.07225067120017525,
        "z": -1.8099188956502312
      }
    }
  },
  "camera-uuids": [
    "6be34924-65b3-459e-a937-4f3e61a1aef9"
  ],
  "float-window": {
    "position": {
      "cc": {
        "Camera": {
          "dock": false,
          "top": null,
          "bottom": 10,
          "left": null,
          "right": 10
        }
      }
    }
  }
}
